{"stats":{"minecraft:picked_up":{"minecraft:crafting_table":1,"minecraft:acacia_log":5,"minecraft:porkchop":9,"minecraft:dirt":6,"minecraft:acacia_sapling":4,"minecraft:coal":22,"minecraft:cobblestone":91},"minecraft:used":{"minecraft:stone_pickaxe":102,"minecraft:wooden_pickaxe":11,"minecraft:stone_axe":9,"minecraft:torch":4,"minecraft:cobblestone":8,"minecraft:crafting_table":2,"minecraft:cooked_porkchop":1,"minecraft:furnace":1},"minecraft:killed":{"minecraft:pig":3},"minecraft:crafted":{"minecraft:cooked_porkchop":9,"minecraft:crafting_table":1,"minecraft:stick":12,"minecraft:wooden_pickaxe":1,"minecraft:stone_pickaxe":1,"minecraft:furnace":1,"minecraft:acacia_planks":20,"minecraft:torch":12,"minecraft:stone_axe":1,"minecraft:air":0},"minecraft:mined":{"minecraft:acacia_leaves":14,"minecraft:crafting_table":1,"minecraft:short_grass":7,"minecraft:acacia_log":6,"minecraft:coal_ore":22,"minecraft:grass_block":3,"minecraft:dirt":3,"minecraft:tall_grass":1,"minecraft:stone":91},"minecraft:custom":{"minecraft:time_since_rest":9752,"minecraft:interact_with_furnace":5,"minecraft:sprint_one_cm":16428,"minecraft:damage_taken":60,"minecraft:walk_one_cm":25285,"minecraft:mob_kills":3,"minecraft:damage_dealt":328,"minecraft:interact_with_crafting_table":4,"minecraft:fly_one_cm":22536,"minecraft:crouch_one_cm":1285,"minecraft:play_time":9752,"minecraft:sneak_time":800,"minecraft:jump":117,"minecraft:leave_game":3,"minecraft:time_since_death":9752,"minecraft:total_world_time":9752,"minecraft:fall_one_cm":5061}},"DataVersion":3953}