{"stats":{"minecraft:crafted":{"minecraft:acacia_planks":20,"minecraft:stone_axe":1,"minecraft:crafting_table":1,"minecraft:stick":12,"minecraft:stone_pickaxe":1,"minecraft:wooden_pickaxe":1},"minecraft:used":{"minecraft:crafting_table":1,"minecraft:stone_pickaxe":14,"minecraft:wooden_pickaxe":11},"minecraft:mined":{"minecraft:short_grass":3,"minecraft:acacia_log":6,"minecraft:grass_block":3,"minecraft:coal_ore":12,"minecraft:acacia_leaves":8,"minecraft:dirt":3,"minecraft:tall_grass":1,"minecraft:stone":13},"minecraft:custom":{"minecraft:time_since_rest":3285,"minecraft:crouch_one_cm":450,"minecraft:sprint_one_cm":6376,"minecraft:play_time":3285,"minecraft:walk_one_cm":7058,"minecraft:sneak_time":197,"minecraft:jump":48,"minecraft:leave_game":2,"minecraft:time_since_death":3285,"minecraft:total_world_time":3285,"minecraft:interact_with_crafting_table":2,"minecraft:fall_one_cm":2090,"minecraft:fly_one_cm":12847},"minecraft:picked_up":{"minecraft:acacia_log":5,"minecraft:coal":12,"minecraft:acacia_sapling":1,"minecraft:dirt":6,"minecraft:cobblestone":13}},"DataVersion":3953}